Year,Effective Rate (Mean),CI Lower (2.5%),CI Upper (97.5%),Std Dev
2020,33.574972678402666,21.908831751780603,43.23222178865413,4.7266440652202295
2021,33.57494187825969,21.908817990701802,43.2321796106709,4.726637145917025
2022,33.57491107817507,21.908804229640438,43.23213743277,4.726630226636823
2023,33.574880278148804,21.908790468596514,43.23209525495145,4.726623307379622
2024,33.57484947818088,21.90877670757003,43.23205307721523,4.726616388145422
2025,33.5748186782713,21.90876294656099,43.232010899561345,4.726609468934225
